TÃ­tulo,Texto,Sentimento,URL,Subreddit,Categoria,Data,Autor,Score,Tipo_Sentimento
Tune in to our Dune: Awakening Global LAN Party Broadcast now and watch two Great Houses go to war! Are you team Harkonnen or team Atreides? Will you control the spice? Wishlist the game now and find out on June 10.,,Positivo,https://alb.reddit.com/cr?za=4RE-gaNntRyvpkS7yxnasCeOfk15p__-rp65ch8dhe4vt-t65LgVVSvGgPtW8wkBqTQGzH7m0fdt5PDFgG_nTNL8HidMBkMmv53YKuaV9mvcmjCb_AeYnhIIWMfqehrTROqtsNoONq4jCacr_6O6aMohX1PMI65kgTWT9eOXLhdSfaqQzzZi3an6LurtXuWBajI3gbLBJMqRs6fDE3MSqSXf9AHmLT_-bA6WQnPDBF5vIA16-ncOvMAgzq8VTxaheXfC-Gooz9cF6iY7GUFoNGm56bAS92NrgHjEi2VfyxJsXzUDOY3bBcuPgMg7QB6WjYbTvWnh9Ys88LJQvgC94yNV-tWVkNiZi2xVd_k0pkH8dSNStKpxMQcwn95LLyb_kpifTYx3UyZTUz8Oqa-PiPiWXmZH4c8TKn2d9efz9jsshD3Jxa2WLvG9mvPSSJ5JEmU5GRPOqqZ_JVgTmV_Cbdm1O8A3wn2jPGgJVgoK2fBiYsPGybRByD2hIQVzQYiW5Ksct1h1XLLu0bvPmWmS4lBhJcftiJFuX-TA6cXtiw&zp=r_vYA3huclh4nAGX7_PKHkl1zhDNeTMc-RTv_D8YcEKVs7X04JdMO-hlj6diZJm8K3n9hX1NkvglGxwliFxFQaP_lMXJw46pcaFIUoxaj-AvqK7IDCFZw00n-VLhScWEDMe6gbSBf9Iw04rruoTin2ePkUJLXckgxKscROncZjf0UkCgVyQ1-sxQxawyeBZIdMe61SLlssktATQ6sVMUEFdUTVsifU0D45yETAwQiLlh-v6z1R7J2Xl6FTfEgRK9nyFv80JC6aNcTm4k0BEtoA9BA8wbjkOzlg5lgmXnQR2FvbFmdoZAypovtxCDDXmVpRHyOvKpH5AewyWIgXb4PL0LrLEuWJZrMWL1QmG5a27u44_cs9flUm0AGVr-oXQ,BYD,hot,,Official_Funcom,0,Positivo
Tune in to our Dune: Awakening Global LAN Party Broadcast now and watch two Great Houses go to war! Are you team Harkonnen or team Atreides? Will you control the spice? Wishlist the game now and find out on June 10.,,Positivo,https://alb.reddit.com/cr?za=WZpY5DvHJrHFI5wKo4ONr7Am5qvooJzw324Jy0HzuZLTR3MHWC53O6OOEUrkpqzMFUYKLRBIea08eMvTOmWGvTAQa860Rl8BDg21gHljCSr3iY_tDBRTSbs7FUBSh2UX8-jeSLahgZClViAAt5EcO9jCjAJlCdKxN5gx0EpNN3jcL1b1MrLRqgpmzeMkBF8o2qP8YBdfN21K5wm9x5A_jvr81eLqUo84ITQk_ZIZi3nXzY0ITxLneHYsB8cV01VUkOeS7JlY7jfCqv-OmEcrvDpt0H5XrkyoykkL5KG7UFH0tIyH0IhtdyIcD2eVPRM7ifIzNNAgueqEiVqgBIOjzV_mq2wkU_nJ9OzDskYF4cY8d7gg_m6X6XNcV6XIfxaykvDveBer78MiZy3HVwgP6o7LjS7v99YU9l0E1upDCTaw368fdlUxNDrCiTgKowTdW1_LLiVzVOCHN4W9LsP8VjitdaEVDCEKBKvdcTnXEDf2QBW_O0MAIdG1-t9w_xuRaPJ_s3MzcO4kre4TxITiQ3YtOYTapNH0US5-OPV5Z9Xa03EC0MtBhYuBta6YcN4sef9KzzC4AuBJi5hsZm6D&zp=feDv9dnOcDwO-Lu0Od7zL5OaikE-alnuSzujQ_b3Jc92gp2Voug5WKw9pqnDKV7LaNMSRZwFj1EvHw3cvw_FnIhvUYkcW5mGbSpJX1nd9J2Cd7nhYi_Pr9h4xBbSkHY1nUQOgsDto0pzkULRNWzWU1jjWT3RhU8cstppQ8Nm1N2S1M4hB2HSsZ61-HWJDdqn1SQUNHjKA_QLfJYQeNpUO0gblp7L5_oe2Bg0_bKbskBMTas3h6oRBPYOiXCDxFVOepMwb1RlFrc8BIYoaocRgpkQ7jveYEh6GMmK7QjvkGnTWLjhssE-rHd4HLGcs81mbB8z92iqlrwGaDC3NpOpOUaiSYcBMvHr7WVeF7MfuKv-XD67OIhC2tsBxAy2ltc,BYD,new,,Official_Funcom,0,Positivo
One-touch sunroof screen not working,,Negativo,https://www.reddit.com/r/BYD/comments/1khpw6l/onetouch_sunroof_screen_not_working/,BYD,hot,2025-05-08T13:17:57+00:00,kutxisarno,1,Negativo
BYD Seal - Battery Loss,,Negativo,https://www.reddit.com/r/BYD/comments/1kg5kjg/byd_seal_battery_loss/,BYD,hot,2025-05-06T14:15:27+00:00,BoomBasticTeleBanana,5,Negativo
One-touch sunroof screen not working,,Negativo,https://www.reddit.com/r/BYD/comments/1khpw6l/onetouch_sunroof_screen_not_working/,BYD,top,2025-05-08T13:17:57+00:00,kutxisarno,1,Negativo
One-touch sunroof screen not working,,Negativo,https://www.reddit.com/r/BYD/comments/1khpw6l/onetouch_sunroof_screen_not_working/,BYD,new,2025-05-08T13:17:57+00:00,kutxisarno,1,Negativo
BYD Seal - Battery Loss,,Negativo,https://www.reddit.com/r/BYD/comments/1kg5kjg/byd_seal_battery_loss/,BYD,new,2025-05-06T14:15:27+00:00,BoomBasticTeleBanana,5,Negativo
Dolphin MY25 Dashcam Install Issues,,Negativo,https://www.reddit.com/gallery/1kftzlx,BYD,new,2025-05-06T02:36:12+00:00,theaareo,3,Negativo
One-touch sunroof screen not working,,Negativo,https://www.reddit.com/r/BYD/comments/1khpw6l/onetouch_sunroof_screen_not_working/,BYD,rising,2025-05-08T13:17:57+00:00,kutxisarno,1,Negativo
BYD Seal - Battery Loss,,Negativo,https://www.reddit.com/r/BYD/comments/1kg5kjg/byd_seal_battery_loss/,BYD,rising,2025-05-06T14:15:27+00:00,BoomBasticTeleBanana,2,Negativo
Dolphin MY25 Dashcam Install Issues,,Negativo,https://www.reddit.com/gallery/1kftzlx,BYD,rising,2025-05-06T02:36:12+00:00,theaareo,3,Negativo
