T√≠tulo,Texto,Sentimento,URL,Subreddit,Categoria,Data,Autor,Score
"Daily Advice Thread - May 11, 2025",,Negativo,https://www.reddit.com/r/apple/comments/1kjxjae/daily_advice_thread_may_11_2025/,apple,hot,2025-05-11T10:00:42+00:00,AutoModerator,5
Apple Discontinued the iPod Three Years Ago,,Negativo,https://www.macobserver.com/news/apple-discontinued-the-ipod-three-years-ago/,apple,hot,2025-05-11T22:59:52+00:00,WPHero,0
Jump In To Explore.,,Negativo,https://alb.reddit.com/cr?za=FdL4FlZxXucTbw7eWXQwQ98B6Ji97YAa_-FeTRJs0n9FRq1VQfVpVd9qu1dkt76cpOw628GR0vvMvsWoSd6amPuKMxfs6_m3cYPAM8z-0_GNJxzOiKZgDlF-XqEidzzTssMnbnlun40dUg_rmycLWYFiTKvZNN1HZjgSS3w7mWrYKQCXAvK32k4cv3wxMeRWlG_RHHcD9Bh5X180B2T9T3pHZnTBvG7-bkPjC1JtHd2kxcGhfyX2cjcrOBsRK0Em-YaKxbHWveQvYGsVtvpRduHfNBe7Qm45DlvDTRmjacJtyz_4b_EUjvPFM_L-UejSlTQmNa30uZniOz_foWFHdrfOU68g4mKi57IcBRloK1cofhD3L3aQVfDwnDEdq8s7R7nd6E0W3OngxOCqs-IpU2sLTAAltEXwTvuh2Q3dgXLkoUpDGZnkErpGmytLNcfbfoUvgiH7002pdvehXURmVnlXAWeXP_xuOxOBVCukC_KMvsNutCuibzMhCPK1aoB4jkmAd2f80mYTSzmSk8gMTt-Y3NO5uJpv6XilJg&zp=AwffJMmsZZcMgJr8Zy3UD9ak2Sxs9ao_uUtFhLCY3bRZJwLU4v49iEXjYFE83pY9cZhDOxvIPBbuMJ9o0FNkL3Tt1pXQ21TqgLpmfdCuhYhaDGV_L8Fywxf9m5zY1-ULjOWVCARc2aseuLg3dKh73sG6FJ2rAGbaw8rH46p48nyQDTM9Dg1YVhp7mBo3YpJjpfyIMSNqvXRttLAFv0swa7d9yPTthLpxTeu5HhsJNcDG9v1J8xRZkBIcx0fw3j46uT7HWLa7xKy_y8D_Unc8benNiUWz2VYQA7mtXrM,apple,hot,,Decentraland_admin,14
Pope Leo XIV wears Apple Watch in first official mess,,Negativo,https://9to5mac.com/2025/05/10/pope-wears-apple-watch-in-first-mess/,apple,hot,2025-05-10T18:51:40+00:00,Nicolapps,4072
Apple‚Äôs 2027 Product Blitz Can‚Äôt Come Soon Enough,,Negativo,https://www.bloomberg.com/news/newsletters/2025-05-11/apple-2027-plans-tabletop-robot-20th-anniversary-iphone-ios-19-wi-fi-feature?srnd=undefined,apple,hot,2025-05-11T12:26:14+00:00,Snoop8ball,59
"üßÆ I made a super advanced scientific calculator for macOS, iOS, and iPad OS",,Negativo,https://www.reddit.com/r/apple/comments/1kk2i1k/i_made_a_super_advanced_scientific_calculator_for/,apple,hot,2025-05-11T14:37:51+00:00,jacobp100,31
Apple removed my negative review of an app and I don't understand why,,Negativo,https://www.reddit.com/r/apple/comments/1kjx4hf/apple_removed_my_negative_review_of_an_app_and_i/,apple,hot,2025-05-11T09:32:11+00:00,therwinthers,37
Apple @ Work: The end of Windows 10 could give Apple a major boost in the enterprise,,Negativo,https://9to5mac.com/2025/05/10/the-end-of-windows-10-could-give-apple-a-major-boost-in-the-enterprise/,apple,hot,2025-05-10T13:02:09+00:00,Fer65432_Plays,680
iPhone 17 Air's rumored ultra-thin design will have these pros and cons,,Negativo,https://9to5mac.com/2025/05/10/iphone-17-air-thin-design-rumored-pros-and-cons/,apple,hot,2025-05-10T16:56:48+00:00,iMacmatician,259
What Do You Use Your Action Button For?,,Negativo,https://www.reddit.com/r/apple/comments/1kjmlor/what_do_you_use_your_action_button_for/,apple,hot,2025-05-10T22:52:22+00:00,babydingoeater,36
Brazilian court reverses course and now demands iPhone sideloading within 90 days,,Negativo,https://9to5mac.com/2025/05/09/apple-must-implement-sideloading-brazil/,apple,hot,2025-05-10T00:01:16+00:00,Fer65432_Plays,853
Apple Pay support now available on PlayStation 5,,Negativo,https://9to5mac.com/2025/05/09/ps5-apple-pay/,apple,hot,2025-05-09T19:39:16+00:00,willdearborn-,1045
"BitCraft Online might be the MMO we've been waiting for: one world, open source, and fully player-driven.",,Negativo,https://alb.reddit.com/cr?za=zvvpllRjVFEoaOg0f6T6KHknBQ1J_BRzuIUTVoFRWYDfSSh2uA2aq_Pv8YmMSoIhnetzZITmQlASlZhlkWGRVhbQi86tQ3OBUBhFNi-o2RHbDsM0C8XaZTapxS6bXAqwY3R15fi8pBttIBdB1-KmAMscRGQ1DfTkC9zWQQOlzooUFQzjwFdugcJRjSVvczWDqmvKU1cMiWhHKWzUdHXlLsJlT-bWoUCcLCS6s3pnPqNrZ3FXyJFCqdkc0Ob6UzdzvVtmi0z-Jx96kUhAGLKpHFiuPCT04Q61vJ3q-WHSbfx3zudGLcrCC61ekFRXPycckqK__6eysq_MKTtLvoXwd5jEfxifu44mcQoYHwY0KsLc8Ctgr3ooyzdK_NSefg3LYiBTEc8ejMFLq27TvRujJrI-2zy-1nKiAAVWt3VPrRY8Ji6pWAvL7S7GN6E0BYiSf3FatYZwUwlPCHAEuf3Pvjh8B_hfCCG2-8mguDQqMcIITmfomJycSu3sSgvLKU9r6JfJ4rBMbj6eyo6499VpdyCQUVIgGPqXPB-VbmqMNeY&zp=567X-GYb3IiZWLytHi_oOQsiIDEEG8YfHs09U_eosQvH4gIODhSqIuLPt6gcnSsDS-vTExd3vPgKaCqLA9OMsde3eZrocWpecZZFEy69VClKdehBhksRIHFSfgDH_kbH16T-Tv4sM9An6oE0BXEmdsuD0bPNDEXbdf5CPJ3aiXDHemFl_-8D4gRHdEUGZUubpxtDo8wEwGJvx8M-VBmGcAQG436eYVZzY34_PXbT8UliKc7SmfC8q64W37gCEhLVp3hzsNjUfo4qrF4yGKzZomImnFMM98SqigmscerD9KGjPPMurSQw6S497s4vX3tEGiCcCrCfFP9Zjv4,apple,hot,,ClockworkLabs,76
Apple Turnover,,Negativo,https://hypercritical.co/2025/05/09/apple-turnover,apple,hot,2025-05-09T19:17:39+00:00,favicondotico,468
Reminiscing about Apple: Today and Yesterday,,Negativo,https://www.reddit.com/r/apple/comments/1kjdkof/reminiscing_about_apple_today_and_yesterday/,apple,hot,2025-05-10T15:58:44+00:00,rathlord,9
Epic Games Submits Fortnite to U.S. App Store,,Negativo,https://www.macrumors.com/2025/05/09/fortnite-submitted-to-us-app-store/,apple,hot,2025-05-09T17:04:16+00:00,Fer65432_Plays,527
How Apple Created a Legal Mess When It Skirted a Judge‚Äôs Ruling,,Positivo,https://www.nytimes.com/2025/05/09/technology/apple-app-store-antitrust.html,apple,hot,2025-05-10T01:00:58+00:00,pirate-game-dev,118
Apple Acquisition Hints at Upgraded Calendar App on iOS 19 or Beyond,,Negativo,https://www.macrumors.com/2025/05/09/apple-acquired-mayday-labs/,apple,hot,2025-05-09T16:28:57+00:00,iMacmatician,446
Tired of Boring Weather Apps? My GIF powered app just broke into the US Top 75 last week.,,Negativo,https://www.reddit.com/r/apple/comments/1kjwfn9/tired_of_boring_weather_apps_my_gif_powered_app/,apple,hot,2025-05-11T08:42:58+00:00,Top-Judgment9747,0
The LEGO Apple Store has moved one step closer to reality,,Negativo,https://9to5mac.com/2025/05/09/the-lego-apple-store-has-moved-one-step-closer-to-reality/,apple,hot,2025-05-09T13:39:25+00:00,iMacmatician,531
"‚ÄòIt is not illegal to charge fees,‚Äô Apple tells Brazilian regulator on NFC probe",,Positivo,https://9to5mac.com/2025/05/09/apple-nfc-fee-probed-in-brazil/,apple,hot,2025-05-09T18:41:43+00:00,Fer65432_Plays,190
WWDC is less than a month away. What are some minor annoyances that you wish Apple would fix among all their operating systems?,,Positivo,https://www.reddit.com/r/apple/comments/1kj5ucf/wwdc_is_less_than_a_month_away_what_are_some/,apple,hot,2025-05-10T08:54:27+00:00,imthaz,15
I built an AI tool that uses 50+ apps to automate real tasks -- would you use it?,,Negativo,https://alb.reddit.com/cr?za=tWKZvKdQXro2oRSFalnpzzSHnlPGt-HJ0OtQzc_Bnr-CEg2HKNvU-jCHLIpwqbp7BzBssclwn6sUr0Nq6m2hj41i4yVyaNo0gyAmug-BBbZFSLvT4FoOrh6a8lO2EoKHaF4uPhDRFgXzUfA-Rj9rAMYNoXnBQ-FIS5L6Wa56F3nzOXtWjuFvFMfxCPh9ywdR3T-7rJ3ctnLMR1B9y4vShwa9Ig1IfJ1SLmXWm4QpJi7VeL7jOATJe_O4vlJ-BpTYkbV_zcsKZLuPdOOfGy5KCHqvmBcStQhvx-9jJUlLlY7iz_N1mqvv0XIYBQ_XqgExocfcUYD5xYkw9vSHQxq4EyHkRJGA50TAsbBjPWw6AREOzmYHXjPDVH2iZsFZwnyyxeyxXG515I2ORjiatgH1BfRvcVLRJHGMCIv0ytd5_8TyJCSQ4-FZCpL7RWy9HhC95ZsnMIX2I636RzseBLSX3ji9MS7wU7O1LvNHhtIbEYg78RnS809Tm3JJ66dmOJj0ZzVQ9pc86akYofz9aCtUSQYmm3rbMLp8OF_-kzO8Z_d5&zp=PY5D7abxkf06nl7tZu3gYW51IPZDpQCKsxgQlg1amjvqxqo8BXAlCgGnT0-aXmFI9u6piNHXs1unYqj9WYBN1GQXwPgopto3SfnhrM_4b2VUrCOXHan1NeQr_vBIE8r_R-7E1_8uoukqgPRJpHsZSh4jSi4Mla46qYJlxsaS4zxS7uq6wU8UhTWioaCsJUytWiAn9CSD3B85OkzPRuETflmWvGX1eQYNuk-pufBmlZYaW7T1k8eEbBU_HlNw1GM,apple,hot,,Past_Reading8451,21
"After denying initial report, Apple might expand iPhone assembly in Brazil after all",,Negativo,https://9to5mac.com/2025/05/09/iphone-assembly-in-brazil-against-trump-tafiffs/,apple,hot,2025-05-09T16:26:36+00:00,Fer65432_Plays,61
"After 15 years, iPhones finally have real-time Caller ID ‚Äî and it feels like magic",,Negativo,https://www.reddit.com/r/apple/comments/1kjxbj2/after_15_years_iphones_finally_have_realtime/,apple,hot,2025-05-11T09:46:12+00:00,SlightAd53,0
"Daily Advice Thread - May 10, 2025",,Negativo,https://www.reddit.com/r/apple/comments/1kj6r3m/daily_advice_thread_may_10_2025/,apple,hot,2025-05-10T10:00:48+00:00,AutoModerator,1
Apple Card holders can get six months of $0 delivery fees and 5% back on rides with Uber,,Negativo,https://9to5mac.com/2025/05/08/apple-card-holders-can-get-six-months-of-0-delivery-fees-and-5-back-on-rides-with-uber/,apple,hot,2025-05-08T22:54:46+00:00,Fer65432_Plays,477
Lopez Voice Assistant Settlement -- Lopez v. Apple Inc. Case No. 4:19-cv-04577-JSW for USA purchasers.,,Negativo,https://www.lopezvoiceassistantsettlement.com,apple,hot,2025-05-09T16:20:33+00:00,antdude,14
"If you used Siri between 2014 and 2024, you may have a claim against Apple",,Negativo,https://9to5mac.com/2025/05/08/if-you-used-siri-between-2014-and-2024-you-may-have-a-claim-against-apple/,apple,hot,2025-05-08T13:04:52+00:00,chrisdh79,1510
We made one of the first open-source MMORPG's with BitCraft Online. Join the vibrant community in one single shared world and Wishlist Now on Steam!,,Negativo,https://alb.reddit.com/cr?za=Qw8wT08Nm6bnyKxBrw-jFdua62rIZIeESSy83fhQyuexHdmlEdkvp8l4rZ6CQzTJ0P5QjpaEdKUy-BvHu1zokhf4CjNYQSpmck05TXbBt8xjBRE9xGh8sIWNZQIhp5P4yk_d4LAXPctu-nmMBFzSqtVt4SWC_fSMx9M3RG-G9Z9iaMZ8Nj922LYdnz5gVqzq5MSNG9as8ibXxQCn-ThD9Oet75aOonwj6RUtRe6q08zcHMCAKLeaYerfLQtGPffP5p_Z-Dpn1g09XgYv3XoTiIi4DNSEu1JlFGStT7UeX76ILzugCq9WwoN2gZ03Lvb15rWBfiY3pj9t1GvqfWO4djs_vfROvUTOw0wN1qlrKu1QH0OruIFFuEA_iLIPY5kOmrM99UpMoAAEJLsvKq1kYUdxSyXAB7Al3ULFDrXUMmTJ0nS1eau7PFS_OOvJ_U2J7dNtbVj9dtNmVHxP16xng7cssZWzKj1sa2AjryqAefTkmYleCw17vIVgMAVkg6-Q_pC4pb_2tCBdNQAJ1RdOmDlPYerlkoEESrdNg8gzADwRqDxx7D6zWw&zp=wmnmGjdS9UZQVIXHWayqlO2Rm3foZ0kncs7ry6ydalU14zkNyzsLHV8puMj_HlNyNrx0yxSq0cNJiqL0i5RVCZFFZNmKxNIxNZj59qB6AI9Yf_SdSH4X_P8izX8oEOjxtwCURxx6Pev3PX_X-YLkPlH9brf-1SJ0u5duYYzB3Fx7ZPhZH-iikGURnj9tnpFX_jd89tGz9XSAYOANvwazwN3_BDjRlBXuyAKDOHHrqmPpR6v8EeBE9y5EbRBPzhI1odCAfndqN28HQtaJdXXE0cg0z_LG7RqPKTHl35uKB1oIn26r6WkAqY16YwZJOS9nOer-zx_8JH0RkUQ,apple,top,,ClockworkLabs,49
Unleash your imagination with ChatGPT. Sign up at this link and start creating images today ‚¨áÔ∏è,,Negativo,https://alb.reddit.com/cr?za=JiPhgQnkTmYgn8giwXKGjzXW4Ek-hJ6c8Ye9ca8-YhZXt0GlGDum3-BZCNDPeD0Ze6Y9fu6b9AJb1dEVc-vcuyJRT_xvI6EY4068vH6h2Paj3qtZ5Twkc5XIuhzmBuux09WCwujAhGlTzYOG0GQo__1WbKUfPEgsCsq5ZnZNHihHYOdYtvve21dQviGcNfa-uDhk8TobrSsd8qu2lldlkqDRz7M0stN1F8YD-x5ItktITm5-KYZeuIL7GZuQLcjqsZRWYBi2E2JESOfuDPiS4b7teqcT6C8XECYDgwESYM3IBrOngLWq2KG7ufnGqEoFLR-uPmsctefq8wb8g8I2tTnqU6fTRgYIhgpvG3YdYDMSfWgTuegwpKMbtjJwmmhPkxZf935poxVnx1mGFz7TUxFRk3toBnC8erdiAN9ASzDx4MMu-59KyfWxNIUqD4NjTDzcggGc8UtZzsu0YtP1biJugXshujCIWRLppxZ2lVepSx-UIo1iMr6Lu88wtEGErpOrrieWWcnzkG1bj_i2C7gdbM7XLupAW9_ZNZ_QEhE&zp=u-F237UtMN1dWX0PTWEhy8aez_KlmwdXW5i8F9AvS9ckoTyV1aqgC8HMjRBe08cLwearVB5axcJeLgM6id6FRHV-ubYWTchyweBoAJDm_dpNQxJaAlndgcYCNr73sqK35rkJPkLvyd5aJG-_TWttTZfRLNe8cSuNWRIos7nqDAQo4uY1GqOhppDHEz8ockTHRpJU3SaCHVkvtKkXaGYG1WVurlWrMPbXIYoW8q5nnwZ0r-dHQWxfyFneP-TTtcSJFlAsqdUYt3aZDCCHDkgP42eeyfLlJkpx2jBBsZfkS52hD2zkTeUGgTpcVs_mdEEzVlHUi7iD3XBPPtMggVFKDOn414ZipBMlHdhcKSBrpwTGIBWLvows09sCBodJOIo4x-ikjzJ7jyAvVucRmoT7SKdZ28i8qpGPnS7lA-ED6s4KWvicXVp4U0eCSl7mfDa4E-VY6rQKRRn_AkxRguC8fEzNv6oqbvRISEmSbdkFQOXyB4RTuAdnwDXuK5tWnwhORhDSI6sWIlkkwXctxMXiP3E8QQ5S-N3mWv52vJ-WMcPVpmGF75phvP726R0,apple,new,,OpenAI,0
C√©rebro t√£o grande que tem sua pr√≥pria hitbox.,,Negativo,https://alb.reddit.com/cr?za=z-dsHH15pn7IPqGBG5YwGP8sUpdtDtyfueqKM8P1qEtSZupYwULq1Px2gYEF7t2L0Yu4_E5-ntHCpPUhSY0doCVDetrcZ6fjCzLTjaaLxsZ35AqT3GQTLaNL2NKY9T_jeUohWrZ_3XAiCZ7V8zMoK2ondlAb53z_xpgSg0eBoUNxDPZEYE2lS_-XZmA342A2UzjmZ3bg_32aM3Q_G96vbJBrtQYyg1qbwqSDeNIP1sAIqQVhdKX4d_n6Tn2wmJcd-Z-4PKjUctM_Z0HA8VD8dBTbtP5MJI36kcPbhqUh2Dauh7Z2_CB6o8SsEQt5dNIQZbajvPcYsZLn30cnbIG_LNIZ455dKirZ1c-MGS4axUwaG15czmpWb96jYNjnskzgmKSbv3vAUY3Qe3G0ys8eGI4l79fesnp2nRhskCqI2a4XZWFHN_wNUAbj7JnZxyJYUm6LNrNcw58HwH6_q_zsCOMcX02fkoVJBP-cBa4va6AvXHt0vJTjmmcFiyBD1j9N8NuSO9y4RHMj8YJa41MDVKOnwNrpOzqz-FYoBNLqqw&zp=KEkUKuYUdYfYp22iD0viFnA7UKmoQecDWjW59aQyquYIP5o2P5-BmLRyi3bR6b-8YkH7uMkaRXT-96VNRW7pb4MF4Tzr-wZCr9Ou5G1SFIBKeHhtgWuDPQMPPZzh5BWhlNVqLuiDWtpVeblIJB2nAY0lmL6fAemGJgw9e01Z78HaOxFBHfAzyi3SB6jo8VH94Yxc3H6GuwXHWH3WjShx-7Pu24HZbBKdESxN8mOrBNfTq_d1XcjfAgp_-uu0Xq0vZ_Ob_RUJzXlB920C99YNm8p_6xLILrMVX0Yjv6gAU3JoS6tTC5g8_NQ-_302sv9jlm48aEywjSCtAgEgJz2fP5jy4wpHPjEJIRdlF9y0w2Z00k0HG15vT14u9zh4yaxF_xrh54AkghTYqh56fD-fLckZgSGYE52A4Wn0Os99mN0j4lTdeZ2uFtU-QLXNhBHr89M0CfzDaq2x_6rCO2waZwNdbCPAQu5jGGslzIMi4G6HkWMEEK5GH3EEpkjuGvCDktfSmJkB4Z4b-Ceqtj6xthzLqugP_UoKm5Stpv7Ve5Cx7rik2GreKOqH-UQ9HpfZgAOdILLZGv2xW8zLSUPxWMmz2KRGK9V-gAU03S0quub9P5RfN9eHuMQetqjmX2ZNfZ9lpvencrbi6b5fncRgpw,apple,new,,MarvelRivals,6
"Daily Advice Thread - May 09, 2025",,Negativo,https://www.reddit.com/r/apple/comments/1kierp3/daily_advice_thread_may_09_2025/,apple,new,2025-05-09T10:01:13+00:00,AutoModerator,2
Fast customer service and expedited shipping!,,Negativo,https://alb.reddit.com/cr?za=awcdMxwfAm2xQTO0NRRRt7eX8a6bDYZzgT3xEKxBZXPw6hIr83WwP8lkaHDf07pFDGnkZuHj-cXkbZ0FQwQZT0yl8uW-EwVaPHl6ru8Des8scKiD7y6H-WQEhbtIbFVMeJfYYUHs7JlWur5PsLBEhZw4VxH-FDGU5ceScUBDxstWLOF_lBAro81huMY1gMyxZ9iarHK3Q2MzWDCUzSDiydPCRAZXsofaJJaSlaLOzfYp6NPZavRj6O0o03KhvWEageAlAOyP5yF17imKywiV9AVAZAqVR62C-t8uvBHAcMu8DmR1tlsZMKC7YA-l0IVmyUTxzUhG5q9EIDYpK7beDxDa5C0SaBdkc-FP8ODuOrfSuBeI84AlF50DxMBTRKNd1D7JIKUmvI6LCJXuQe7QX_Bv6eG_tdfA432O5TaSKbG0Vm4npgIP7BET9mPLoRIgXfaNgV_XNaRvKVMyJMGqDAVyT0M4jBYxNq0C51Dlr-N_QCBrJkygYrNU9omuF5ZU2u56b3oKYr4g_Ep6PwcQ5hOGrtajzxNm1c4iHSp1dIGelQe_MeDjG520&zp=fdRpU8UgRlhB2IUi2U1VPuwKb6aiI-10fhwMQbJeXM5s3bNZ3WpIvIBzgEhXV3lA8vC79G8usKdBeXws-ntQPRsHa2TGVCVb8ZE1WA4xZz4Jd4GG_EYP_qfT8GOTkofHgcH85JAIL31_WZRcceWBQFjHNNYx-1brNuhUgxme0xaBUyp1J_iRrNihBolRVNyEw_wiB9yHJZ6qUPzpXn4HZ1rCPFJRDCCv1CZ3z0AVT1ifMH_9SgmhtWCTN8-0paCyDN0ZIZVPeKeFE52wulhmlUH3kqI8Mk7wEDM,apple,rising,,Shed_Rx,0
